delimiter $$
CREATE TRIGGER calcPreco
	AFTER INSERT ON bilhete
	FOR EACH ROW	
BEGIN
	UPDATE reserva
		SET Preço = Preço + NEW.Preço
		WHERE ID = NEW.Reserva;
END;$$ 


INSERT INTO cliente
	(id,nome,email)
	VALUES (1,'Ana Carvalho','anacarvalho@gmail.com'),
		   (2,'João Costa','joaocosta@gmail.com'),
           (3,'Pedro Ferreira','pedroferreira@hotmail.com'),
           (4,'Eva Silva','evasilva@live.com'),
           (5,'Hugo Fernandes','hugofernandes@gmail.com'),
           (6,'Mário Felgueiras','mariofelgueiras@hotmail.com'),
           (7,'Lucas Martins','lucasmartins@gmail.com'),
           (8,'Mariana Lemos','marianalemos@gmail.com'),
           (9,'Joana Abreu','joanabreu@gmail.com'),
           (10,'Luciana Sousa','lucianasousa@hotmail.com'),
           (11,'Helder Silva','heldersilva@gmail.com'),
           (12,'Amélia Gonçalves','ameliagoncalves@gmail.com'),
           (13,'Helena Queirós','helenaqs@gmail.com'),
           (14,'Francisco Henriques','franciscoh@gmail.com'),
           (15,'Joel Pereira','joelpereira@gmail.com'),
           (16,'Ana Sofia','anasofia@gmail.com'),
           (17,'Maria Ribeiro','mariaribeiro@hotmail.com'),
           (18,'Luis Monteiro','luismonteiro@gmail.com'),
           (19,'António Miranda','antmiranda@gmail.com'),
           (20,'Luisa Mendes','luisamendes@gmail.com'),
           (21,'Rita Fonseca','ritafonseca@gmail.com'),
           (22,'Miguel Coelho','miguelcoelho@gmail.com'),
           (23,'Ricardo Nunes','ricardonunes@hotmail.com'),
           (24,'Manuel Araujo','manelaraujo@live.com'),
           (25,'Pedro Fraga','pedrofraga@gmail.com'),
           (26,'Teresa Pinto','teresapinto@hotmail.com'),
           (27,'Simão Mendes','simaomendes@gmail.com'),
           (28,'Rafael Miranda','rafaelmiranda@gmail.com'),
           (29,'Tiago Barbosa','tiagobarbosa@gmail.com');
           
INSERT into estação
	(id,Localidade,País)
    VALUES (1,'Porto','Portugal'),
		   (2,'Coimbra','Portugal'),
           (3,'Aveiro','Portugal'),
           (4,'Madrid','Espanha'),
           (5,'Lisboa','Portugal'),
           (6,'Vigo','Espanha'),
           (7,'Braga','Portugal'),
           (8,'Algarve','Portugal'),
           (9,'Bragança','Portugal'),
           (10,'Setubal','Portugal'),
           (11,'Abrantes','Portugal'),
           (12,'Leiria','Portugal'),
           (13,'Mirandela','Portugal'),
           (14,'Viana do Castelo','Portugal');
           

INSERT INTO reserva
	(id, preço, cliente, data)
    VALUES (1,0,5,'2016-11-08 10:00:00'),
		   (2,0,11,'2016-07-25 12:40:00'),
           (3,0,5,'2016-10-12 15:00:02'),
           (4,0,14,'2016-11-20 21:50:52'),
           (5,0,15,'2016-09-01 10:20:40'),
           (6,0,21,'2016-08-12 16:00:30'),
           (7,0,28,'2016-11-22 17:00:10'),
           (8,0,1,'2016-11-21 18:12:01'),
		   (9,0,2,'2016-10-25 13:00:02'),
           (10,0,7,'2016-11-18 19:10:10'),
           (11,0,6,'2016-11-22 22:14:30'),
           (12,0,19,'2016-11-20 08:32:32'),
           (13,0,29,'2016-11-19 09:10:00'),
           (14,0,26,'2016-11-18 11:08:20'),
           (15,0,21,'2016-11-05 10:40:00'),
		   (16,0,23,'2016-10-15 10:00:00'),
           (17,0,24,'2016-10-12 18:04:00'),
           (18,0,17,'2016-09-25 12:40:00'),
           (19,0,16,'2016-08-12 10:00:00'),
           (20,0,13,'2016-10-25 09:35:20'),
           (21,0,12,'2016-10-20 19:27:02'),
           (22,0,10,'2016-11-07 13:43:20'),
		   (23,0,9,'2016-10-24 10:00:00'),
           (24,0,8,'2016-10-23 13:47:00'),
           (25,0,18,'2016-11-22 17:35:00'),
           (26,0,19,'2016-11-17 10:45:00'),
           (27,0,24,'2016-11-16 13:00:00'),
           (28,0,25,'2016-11-15 19:21:00'),
           (29,0,5,'2016-11-14 20:00:00'),
		   (30,0,11,'2016-11-13 15:23:00'),
           (31,0,5,'2016-11-12 10:00:00'),
           (32,0,14,'2016-11-11 14:00:00'),
           (33,0,15,'2016-11-10 17:00:00'),
           (34,0,21,'2016-11-09 10:00:00'),
           (35,0,28,'2016-11-08 12:00:00'),
           (36,0,1,'2016-11-09 11:20:00'),
		   (37,0,2,'2016-11-06 12:00:00'),
           (38,0,7,'2016-11-06 13:00:00'),
           (39,0,6,'2016-10-28 10:40:00'),
           (40,0,19,'2016-10-29 14:00:00'),
           (41,0,29,'2016-11-05 10:00:00'),
           (42,0,26,'2016-11-04 18:52:00'),
           (43,0,5,'2016-11-03 17:34:23'),
		   (44,0,23,'2016-11-02 10:00:00'),
           (45,0,24,'2016-11-01 12:00:00'),
           (46,0,17,'2016-10-30 10:00:00'),
           (47,0,16,'2016-10-29 10:00:00'),
           (48,0,13,'2016-10-28 17:00:00'),
           (49,0,12,'2016-10-27 19:30:00'),
           (50,0,10,'2016-10-08 15:24:00');

INSERT INTO comboio
	(Id)
    VALUES (1),(2),(3),(4),(5);
           
INSERT INTO lugar
	(Nr,Comboio)
    VALUES (1,1),
		   (2,1),
           (3,1),
           (4,1),
           (5,1),
           (6,1),
           (7,1),
           (8,1),
           (9,1),
           (10,1),
           (11,1),
           (12,1),
           (13,1),
           (14,1),
           (15,1),
           (16,1),
           (17,1),
           (18,1),
           (19,1),
           (20,1),
           (1,2),
		   (2,2),
           (3,2),
           (4,2),
           (5,2),
           (6,2),
           (7,2),
           (8,2),
           (9,2),
           (10,2),
           (11,2),
           (12,2),
           (13,2),
           (14,2),
           (15,2),
           (16,2),
           (17,2),
           (1,3),
		   (2,3),
           (3,3),
           (4,3),
           (5,3),
           (6,3),
           (7,3),
           (8,3),
           (9,3),
           (10,3),
           (11,3),
           (12,3),
           (13,3),
           (14,3),
           (15,3),
           (16,3),
           (17,3),
           (1,4),
		   (2,4),
           (3,4),
           (4,4),
           (5,4),
           (6,4),
           (7,4),
           (8,4),
           (9,4),
           (10,4),
           (11,4),
           (12,4),
           (13,4),
           (14,4),
           (15,4),
           (16,4),
           (17,4),
           (18,4),
           (19,4),
           (20,4),
           (21,4),
           (22,4),
           (23,4),
           (24,4),
		   (1,5),
		   (2,5),
           (3,5),
           (4,5),
           (5,5),
           (6,5),
           (7,5),
           (8,5),
           (9,5),
           (10,5),
           (11,5),
           (12,5),
           (13,5),
           (14,5),
           (15,5);           
           

INSERT INTO viagem
	(ID, DataHoraPartida, Duração, PreçoBase, Comboio, Origem, Destino)
    VALUES (1,'2016-11-19 21:00:00','00:22:00',25,2,7,9), -- dia 1
           (2,'2016-11-19 18:00:00','02:30:00',30,1,7,8),
           (3,'2016-11-19 08:00:00','00:10:00',13,3,3,5),
           (4,'2016-11-19 13:00:00','01:25:00',23,4,10,13),
		   (5,'2016-11-19 16:00:00','00:32:00',25,2,5,2),
           (6,'2016-11-19 09:00:00','00:50:00',30,1,12,13),
           (7,'2016-11-19 14:00:00','00:40:00',13,5,1,5),
           (8,'2016-11-19 12:00:00','00:45:00',17,4,3,8),
           (9,'2016-11-19 10:00:00','00:18:00',19,5,14,6),
           (10,'2016-11-19 16:00:00','00:08:00',22,2,13,9),
           (11,'2016-11-19 22:00:00','02:10:00',35,1,14,5),
           (12,'2016-11-19 17:00:00','00:36:00',25,2,9,7), -- dia 2
           (13,'2016-11-20 16:00:00','01:55:00',30,1,8,7),
           (14,'2016-11-20 17:00:00','01:10:00',13,3,5,3),
           (15,'2016-11-20 19:00:00','01:25:00',23,4,13,10),
		   (16,'2016-11-20 18:00:00','00:22:00',25,2,2,5),
           (17,'2016-11-21 20:00:00','00:30:00',30,1,11,12),
           (18,'2016-11-21 07:00:00','00:40:00',13,5,5,12),-- dia 3
           (19,'2016-11-21 06:00:00','00:45:00',17,4,8,3),
           (20,'2016-11-21 09:00:00','01:18:00',19,5,6,14),
           (21,'2016-11-21 07:00:00','00:08:00',22,2,9,13),
           (22,'2016-11-22 23:00:00','00:58:00',35,1,7,9),
           (23,'2016-11-22 10:00:00','00:12:00',25,2,1,3), -- dia 4
           (24,'2016-11-22 11:00:00','02:30:00',30,1,3,4),
           (25,'2016-11-22 04:00:00','04:10:00',13,3,4,8),
           (26,'2016-11-22 19:00:00','01:25:00',23,4,6,9),
		   (27,'2016-11-22 11:00:00','03:32:00',25,2,4,5),
           (28,'2016-11-22 15:00:00','01:50:00',30,1,8,7),
           (29,'2016-11-22 21:00:00','00:20:00',13,5,2,5),
           (30,'2016-11-22 12:00:00','01:45:00',17,4,8,7),
           (31,'2016-11-23 22:00:00','02:18:00',19,5,6,12),-- dia 5
           (32,'2016-11-23 13:00:00','00:48:00',22,2,10,3),
           (33,'2016-11-23 14:00:00','02:10:00',35,1,5,4),
           (34,'2016-11-23 09:00:00','01:18:00',19,5,6,14),
           (35,'2016-11-23 07:00:00','00:08:00',22,2,9,13),
           (36,'2016-11-23 23:00:00','00:58:00',35,1,7,9),
           (37,'2016-11-23 10:00:00','00:12:00',25,2,1,3), 
           (38,'2016-11-23 11:00:00','02:30:00',30,1,3,4),
           (39,'2016-11-23 04:00:00','04:10:00',13,3,4,8),-- dia 6
           (40,'2016-11-24 06:00:00','00:45:00',17,4,8,3),
           (41,'2016-11-24 09:00:00','01:18:00',19,5,6,14),
           (42,'2016-11-24 07:00:00','00:08:00',22,2,9,13),
           (43,'2016-11-24 23:00:00','00:58:00',35,1,7,9),
           (44,'2016-11-25 08:00:00','00:10:00',13,3,3,5),-- dia 7
           (45,'2016-11-25 13:00:00','01:25:00',23,4,10,13),
		   (46,'2016-11-25 16:00:00','00:32:00',25,2,5,2),
           (47,'2016-11-25 09:00:00','00:50:00',30,1,12,13),
           (48,'2016-11-25 14:00:00','00:40:00',13,5,1,5),
           (49,'2016-11-25 12:00:00','00:45:00',17,4,3,8),
           (50,'2016-11-25 10:00:00','00:18:00',19,5,14,6);        
 
INSERT INTO bilhete
	(ID, Lugar, Viagem, Classe, Preço, Reserva)
    VALUES (1,5,1,'Normal',25,1),
		   (2,6,1,'Estudante',20,1),
           (3,4,1,'Sénior',22.5,1),
           (4,4,4,'Normal',23,2),
           (5,4,2,'Jovem',27,3),
           (6,12,1,'Normal',25,4),
		   (7,15,1,'Estudante',20,4),
           (8,4,11,'Sénior',31.5,5),
           (9,4,8,'Normal',17,6),
           (10,4,5,'Jovem',22.5,7),
           (11,3,1,'Normal',25,1),
           (12,6,47,'Estudante',24,9),
           (13,4,50,'Sénior',17.1,10),
           (14,5,21,'Normal',22,11),
           (15,6,22,'Normal',35,12),
           (16,7,22,'Normal',35,12),
           (17,8,22,'Normal',35,12),
		   (18,12,23,'Sénior',22.5,13),
           (19,15,23,'Normal',25,14),
           (20,4,24,'Jovem',27,15),
           (21,3,24,'Normal',30,15),
           (22,5,25,'Normal',13,16),
		   (23,6,25,'Estudante',10.4,16),
           (24,4,25,'Sénior',11.7,16),
           (25,14,25,'Normal',13,16),
           (26,4,26,'Jovem',20.7,17),
           (27,4,27,'Sénior',22.5,18),
           (28,1,28,'Normal',30,19),
           (29,2,28,'Jovem',27,19),
           (30,3,29,'Normal',13,20),
           (31,6,30,'Estudante',16.3,21),
           (32,12,31,'Sénior',17.1,21),
           (33,9,31,'Sénior',17.1,21),
           (34,10,31,'Normal',19,21),
           (35,11,31,'Jovem',17.1,21),
           (36,3,32,'Normal',22,22),
           (37,6,33,'Estudante',28,23),
           (38,4,34,'Sénior',17.1,24),
           (39,4,35,'Normal',22,25),
           (40,5,35,'Jovem',19.8,25),
           (41,3,36,'Normal',35,26),
           (42,6,36,'Estudante',28,26),
           (43,4,36,'Sénior',31.5,26),
           (44,5,37,'Normal',25,27),
           (45,6,38,'Normal',30,28),
           (46,5,39,'Normal',13,29),
		   (47,6,39,'Estudante',10.4,29),
           (48,4,40,'Sénior',15.3,30),
           (49,4,41,'Normal',19,31),
           (50,5,41,'Jovem',17.1,31),
           (51,12,41,'Normal',19,31),
		   (52,15,42,'Estudante',17.6,32),
           (53,3,43,'Normal',35,33),
           (54,6,43,'Estudante',28,33),
           (55,4,43,'Sénior',31.5,33),
           (56,3,44,'Normal',13,34),
           (57,6,45,'Estudante',18.4,35),
           (58,4,46,'Sénior',22.5,37),
           (59,12,39,'Estudante',10.4,38),
           (60,9,40,'Sénior',15.3,39),
           (61,10,41,'Normal',19,40),
           (62,3,48,'Normal',13,41),
           (63,3,30,'Estudante',16.3,42),
           (64,3,31,'Sénior',17.1,43),
           (65,8,31,'Sénior',17.1,43),
           (66,5,12,'Normal',25,16),
		   (67,13,12,'Estudante',20,44),
           (68,17,12,'Sénior',22.5,44),
           (69,15,12,'Normal',25,44),
           (70,13,13,'Jovem',27,45),
           (71,13,14,'Sénior',11.7,46),
           (72,13,15,'Normal',23,47),
           (73,14,15,'Jovem',20.7,47),
           (74,1,16,'Normal',25,48),
           (75,8,16,'Estudante',20,48),
           (76,12,17,'Normal',30,49),
		   (77,15,18,'Estudante',10.4,50);